movie_title,sadness,joy,love,anger,fear,surprise
200_Meters_reviews,0.14213445875793695,0.37346817025293905,0.017253196487824123,0.3812419353052974,0.07894301414489746,0.006959243328310549
24_Hours_to_Live_reviews,0.14465186624355347,0.7041720457408311,0.14037468262748526,0.007210183306597173,0.0016097296985598014,0.0019814767957931118
365_Days_reviews,0.11010351215148918,0.45005535427480936,0.050956341122330814,0.2401239147472482,0.12416865281948748,0.024592237560472522
365_Days__This_Day_reviews,0.14125191621672087,0.37885411349944426,0.06368183300946839,0.30513248042660523,0.10243341734113293,0.008646240981761366
7500_reviews,0.06671231125393405,0.7492869394581493,0.0071079314504636495,0.10002621609104298,0.06288342720902775,0.013983187900299615
7_Guardians_of_the_Tomb_reviews,0.03451138501986861,0.6944396644830704,0.016589754377491772,0.14717424946138635,0.09846806354471482,0.008816894434858114
About_Dry_Grasses_reviews,0.1178622588845125,0.5905836881642851,0.013675432737606267,0.19568868489198696,0.04233420362773662,0.03985573050255577
About_Elly_reviews,0.09027546395858128,0.7203749120235443,0.013348803079376617,0.12130299396812916,0.05029355874285102,0.004404270943875114
Abraham_s_Valley_reviews,0.2591603355508091,0.5653574843632264,0.008747515341922365,0.08804855028089757,0.07179985562214386,0.006886248598608223
Acts_of_Vengeance_reviews,0.924585223197937,0.050737980753183365,0.004335603676736355,0.01596578024327755,0.0030952980741858482,0.0012801890261471272
Adrift_reviews,0.07777128139610535,0.6404695322005344,0.03216913261317781,0.13675279705119983,0.08049989017225535,0.03233735373609566
After_the_Dark_reviews,0.15338708220170466,0.5202569325057859,0.026848725702924032,0.22793984469629963,0.06492992404512027,0.006637479320892857
Against_the_Ice_reviews,0.0462485023541376,0.6555420599877835,0.0092838094686158,0.13184369052760303,0.06409738789079711,0.09298454623785801
Agnee_reviews,0.005280262383166701,0.9527967472871145,0.007544693711679429,0.01938911956191684,0.008890800153797803,0.006098347230969618
Air_Force_The_Movie__Danger_Close_reviews,0.1240766677656211,0.7881232649087906,0.008274468302261084,0.06559346767608076,0.010973216752366474,0.002958918019430712
Alice_reviews,0.22031698686727655,0.48840987582557965,0.00943763555759298,0.2042980897489802,0.07300048749935481,0.004536899898084812
All_Quiet_on_the_Western_Front_reviews,0.11186994539624637,0.6350481698313599,0.03547111814794794,0.1525986720091963,0.05940152895195281,0.005610572888740692
Amaran_reviews,0.23814815113534374,0.627210467607559,0.08135759714059532,0.039231979773224644,0.007295343340956606,0.006756443399353884
American_Ultra_reviews,0.14389943577091047,0.6286046944265051,0.03740383240991556,0.14503343796367635,0.037940744513078876,0.007117857721269778
Amour_reviews,0.013897440687287599,0.9761769473552704,0.002081535290926695,0.0029927946743555367,0.0031008717487566173,0.0017503623093944043
Anacondas__Trail_of_Blood_reviews,0.4969923536700662,0.4984971679514274,0.0011294987343717366,0.0010792074026539922,0.001729416340822354,0.0005723527283407748
And_Then_We_Danced_reviews,0.08008338929212186,0.7071822322439403,0.06364639526000246,0.11364975856267848,0.029398798321199137,0.006039421682362445
Animal_reviews,0.07739058790528881,0.502192560101061,0.025471210355005627,0.33792111477980924,0.04953119173712496,0.007493326286618997
Antichrist_reviews,0.028436037711799145,0.453267359174788,0.021132398629561067,0.28919326327741146,0.20010858905152418,0.007862381404265761
An_American_Haunting_reviews,0.3301206276131173,0.6435573535272852,0.009503303250918785,0.008121866228369376,0.0019743709708563983,0.006722539488691837
Apocalypse_Z__The_Beginning_of_the_End_reviews,0.11126512163485001,0.5675555579696915,0.004191372344004256,0.29640922650495277,0.01616210997703352,0.004416595936553287
Attack_on_Titan__THE_LAST_ATTACK_reviews,0.06625697081908584,0.7341062508523464,0.0059294348116964105,0.15684881440829485,0.03263183421222493,0.004226721124723554
Attraction_reviews,0.2030283577973023,0.7547130111604929,0.006939052697271108,0.02618168843910098,0.0049017701297998425,0.00423615772742778
Automata_reviews,0.2754160249605775,0.12407321482896805,0.013430422521196306,0.35699987411499023,0.20257140323519707,0.027509022504091263
Away_reviews,0.004983091988833621,0.9696183949708939,0.01851414330303669,0.003582365345209837,0.001747301677823998,0.0015546702925348654
A_Good_Day_to_Die_Hard_reviews,0.20028913599006565,0.4725596335543111,0.009190164489804633,0.20970887599313365,0.06587778248857441,0.04237441688524179
A_Greyhound_of_a_Girl_reviews,0.08955959942250047,0.45684748206986114,0.11990510870964499,0.22851686694775708,0.1019746162831628,0.003196293934403608
A_Separation_reviews,0.0020900371891912073,0.9535540342330933,0.0024533490068279207,0.009665462101111189,0.019878293824149296,0.012358835607301444
A_Serbian_Film_reviews,0.39576147869229317,0.22192836730391718,0.004954979725880548,0.3275612273719162,0.04484093235805631,0.004953025134454947
A_Simple_Favor_reviews,0.09461931746124967,0.5154865028029731,0.044045446382899006,0.20237980318858967,0.120713670909754,0.02275526951680976
Bait_reviews,0.0890978214066026,0.5455539216656752,0.01051381302210663,0.23255829165834163,0.08551897320711728,0.03675718603511181
Baksa_Badal_reviews,0.21119630336761475,0.7531221508979797,0.015687089413404465,0.014097989536821842,0.0022258220706135035,0.0036706551909446716
Battleship_Potemkin_reviews,0.0903138914833438,0.6676141507076946,0.004754720710810612,0.22556837288324127,0.010128521905492315,0.00162033810259097
Below_Her_Mouth_reviews,0.2797849646303803,0.36073323391610757,0.15629090671427548,0.1620870458718855,0.036120709584793076,0.004983127168088686
Benedetta_reviews,0.026134346922238667,0.5318503713028299,0.01626406296984189,0.21774718896227163,0.1966634560117705,0.01134055662744989
Better_Man_reviews,0.12021189330844209,0.522635290492326,0.025818938456359318,0.21125403458718212,0.1171469478867948,0.002932916197460145
Beyond_Skyline_reviews,0.0651055195318934,0.72950016161693,0.004774441892680313,0.09972443835743304,0.09659926540916786,0.004296159151376092
Big_Bad_Wolves_reviews,0.07097224791337234,0.612546969509612,0.01664856934131911,0.1579970934873041,0.13556663434988317,0.006268490169298811
Big_Game_reviews,0.08387174850092076,0.6510168000822887,0.04589069036592264,0.11379092019584884,0.09634519022680858,0.009084668065042933
Blackbird_Blackbird_Blackberry_reviews,0.05014482798703414,0.6086583522680614,0.008724831793058132,0.2246908787679526,0.0334627615167327,0.07431834038912452
Black_Book_reviews,0.09247323441377375,0.5736682734762629,0.10103501332438707,0.12979306684186062,0.08571887913179428,0.01731154976490264
Blood_Tide_reviews,0.004743408288858417,0.7002739907604538,0.07792544703827137,0.21140152364710552,0.0033138266234244737,0.0023418205867831907
Bridget_Jones__Mad_About_the_Boy_reviews,0.07392577494361571,0.5945746749431626,0.07090914187054816,0.16048802421885608,0.059023675413170294,0.04107870554331124
Brimstone_reviews,0.08462631571728707,0.573655517278894,0.024289688877615845,0.2316668282446699,0.06955915260277834,0.01620248561630433
Bring_Them_Down_reviews,0.26279166898166295,0.36601905652787536,0.006101489620050415,0.22770600055810064,0.1329190768810804,0.004462704906472936
Burning_Betrayal_reviews,0.3792796855792403,0.4818050116300583,0.012254753522574902,0.10217492701485753,0.018958030198700727,0.005527635803446174
Bye_Bye_Tiberias_reviews,0.08569129157279219,0.7672234213345551,0.13034489124713997,0.008667717172232057,0.004364652471849695,0.003708007893042772
Cairo_Station_reviews,0.04738065024587111,0.30036584540413547,0.16264559618027236,0.27423790044401986,0.15052413866550735,0.06484587963383931
Calculator_reviews,0.08643030170123497,0.6487367466122479,0.006112506046243336,0.19075926431485088,0.06281796443331784,0.005143210352600917
Caligula_reviews,0.12545187305487857,0.6359313994967927,0.010977364049347885,0.18789338689598747,0.03325662137735087,0.0064893609498326175
Captain_America__Brave_New_World_reviews,0.10985996738115016,0.6231993194422544,0.009434555568132606,0.1706869653382014,0.060296982555883005,0.026522201436543553
Chalet_Girl_reviews,0.0877283195229459,0.7795813893052664,0.03974940618023869,0.06663686094477518,0.02092217734422196,0.005381864742957987
Charlie_Countryman_reviews,0.15515903893538052,0.7518305950798094,0.01702521373226773,0.030890707494108938,0.04212803982954938,0.0029664034154848196
Chasing_the_Wind_reviews,0.003538797376677394,0.06586601585149765,0.06458094716072083,0.8388888239860535,0.020243294537067413,0.006882175337523222
Chernobyl__Abyss_reviews,0.9601064920425415,0.0023977963719516993,0.002119629643857479,0.033077020198106766,0.0010104919783771038,0.0012884902535006404
Chotushkone_reviews,0.09685154208155172,0.7070492449188227,0.009449600770666793,0.08858915991495943,0.059595944335514274,0.03846450482504568
Chungking_Express_reviews,0.13275233571688216,0.5080713594011409,0.044554812781751864,0.164119625287099,0.11679013327394952,0.03371172554152262
Cirkus_Columbia_reviews,0.9762927293777466,0.01538203377276659,0.003951847553253174,0.0021383757703006268,0.0016755876131355762,0.0005594266694970429
City_of_God_reviews,0.02985652686766116,0.6309901070126216,0.00753483430162305,0.3040807193301589,0.024760627516116074,0.0027771829190896824
Cleaners_reviews,0.0022645239951089025,0.9855667054653168,0.004980056895874441,0.004563202150166035,0.0011732129496522248,0.0014524107391480356
Cleaner_reviews,0.029788369513963433,0.8112534135580063,0.009084330416623165,0.13216047924519939,0.0134696726560254,0.00424371824324639
Close_reviews,0.09775635043167442,0.6124193959570091,0.06856943167804275,0.2145228676984386,0.004634314197963769,0.0020976518052131204
Come_and_See_reviews,0.18054078835456705,0.5552352878103892,0.006448225624178751,0.19731034127135688,0.05677162901758073,0.0036937279510311782
Contagion_reviews,0.2017177032054557,0.6068322744686157,0.005681081524623248,0.032139318636230506,0.14855368366503777,0.005075939717547347
Counterattack_reviews,0.002495419670594856,0.9727326929569244,0.005042721313657239,0.010860359674552456,0.004859677006606944,0.004009197393315844
Creation_of_the_Gods_I__Kingdom_of_Storms_reviews,0.07024486177033396,0.7842384402829339,0.008908627212804276,0.11838273492685403,0.015105831220353139,0.0031195183146337513
Crossing_reviews,0.14371010842181645,0.7767088201730267,0.012757823888310477,0.046935559106427,0.016416680072372975,0.0034710258233213893
Crouching_Tiger__Hidden_Dragon_reviews,0.03158482560538687,0.7893031179904938,0.03732098636683077,0.02487142971367575,0.1024189230724005,0.014500691299326718
Cuckoo_reviews,0.21939087456659132,0.45320875065922533,0.014747300714193641,0.18550974763828612,0.11967874898666354,0.007464571301724114
Dara_of_Jasenovac_reviews,0.21347452480242485,0.3009952555164798,0.008678940066602081,0.3287925583653204,0.14329976029047328,0.004758942435728386
Dark_Waters_reviews,0.17491325282026082,0.3576205999900897,0.14799792490278682,0.2128132367700649,0.09913065490157653,0.0075243258227904635
Dear_Ex_reviews,0.031470935815013944,0.6134049440734088,0.008605205267667771,0.23883617862593381,0.09889314966276289,0.008789551834343
Dilwale_Dulhania_Le_Jayenge_reviews,0.0037500689504668117,0.9838513433933258,0.0051618271972984076,0.003864638856612146,0.001106872718082741,0.0022653196938335896
Dogman_reviews,0.00867530053074006,0.9609380662441254,0.009238736296538264,0.013014728538109921,0.003610997380746994,0.004522135233855806
Dogtooth_reviews,0.06770195943369929,0.51328060656069,0.03899834349673862,0.2167406245051617,0.1392157338725935,0.024062736515170113
Dog_Soldiers_reviews,0.11631585486854117,0.5555853823413296,0.010982154296167815,0.17878556822931083,0.05187832306546625,0.08645274434820749
Donbass_reviews,0.12128446073271335,0.33218033996992746,0.02860896638070699,0.3811227094067726,0.11789825600862969,0.018905266710789875
Doom_reviews,0.09334161090966384,0.48423930805142,0.026677682075252826,0.22267514782638667,0.13635806436219286,0.03670820473106923
Dragonkeeper_reviews,0.10120761438738554,0.4642952620983124,0.024418708123266696,0.3532158170128241,0.05396742550656199,0.0028951924294233324
Dredd_reviews,0.09058453290563702,0.5537526319161631,0.05108963845092543,0.2233286373190243,0.05696641282732859,0.024278146774879286
Drift_reviews,0.2841990379771839,0.4004947303328663,0.012454738966577375,0.12580665236843439,0.15288720223179553,0.024157655352610163
El_Conde_reviews,0.11852776041439715,0.6360797801729747,0.026479279946735396,0.14116099740293028,0.06508430053375433,0.012667885043050105
Embrace_of_the_Serpent_reviews,0.14438687450331977,0.6824834278540504,0.03233750077481268,0.08342228308405228,0.03235404461582487,0.025015872291277913
Enemy_at_the_Gates_reviews,0.1442035261565691,0.44400406816717364,0.0482821037655632,0.2694442150231194,0.07011693240753536,0.023949142384888798
Escape_reviews,0.11545556211300816,0.6664788286822537,0.0032620667027206058,0.21105505443281597,0.002428638655045587,0.0013198454560349798
Everest_reviews,0.17630462965910107,0.5864209442403919,0.024511004007833365,0.11885780173515041,0.07103642733384802,0.022869201631692704
Fireball_reviews,0.23040405782133652,0.33570879123484093,0.0020998228574171662,0.22510896933575472,0.20330734143499285,0.003371024892355005
Firebird_reviews,0.09629305806759346,0.4690388589016428,0.07200285191980324,0.17454207301904848,0.18358610682896273,0.004537059946285028
Flight_Risk_reviews,0.19668279671771793,0.5631234382134408,0.0065564202491148575,0.1259820952943367,0.10191488935095372,0.005740349233525283
Flow_reviews,0.07666233486130035,0.8198355866263487,0.007784690448482122,0.06921305678718324,0.0227324298624548,0.0037719078420195727
Foxtrot_reviews,0.18053361468628282,0.3838610092152521,0.013424095093796495,0.3293554467672948,0.08614122299877636,0.0066846078962043975
Furiosa__A_Mad_Max_Saga_reviews,0.133877014719526,0.5882337712552967,0.029315456301610407,0.1752448695889346,0.046898543848505364,0.026430349428710868
Ghost_in_the_Shell_reviews,0.045994922261391034,0.6831251394591833,0.006828097700092353,0.08309868136788473,0.17366653866453194,0.007286622617883902
Ghost_Rider__Spirit_of_Vengeance_reviews,0.24750419646645955,0.5466112523690408,0.027410882240738954,0.12754971528708747,0.045545821484101676,0.005378134861806573
Gloria_Bell_reviews,0.06676019374281168,0.5994974739849568,0.10539438347332179,0.18280192876700313,0.040372249961365014,0.0051737437723204495
Going_Steady_reviews,0.017130647572533537,0.9245874285697937,0.007518740720115602,0.03293094893645806,0.014468913374003023,0.003363277248960609
GomBurZa_reviews,0.0009019726421684027,0.9788991808891296,0.01677294634282589,0.0011178967542946339,0.0004799374146386981,0.001827981206588447
Goodnight_Mommy_reviews,0.08337170662866397,0.5307026274258864,0.023022389013997533,0.1878879953768443,0.14829594757333822,0.026719337283760646
Guang_reviews,0.0008937581830347577,0.9744791587193807,0.02180964284343645,0.0011467022122815251,0.0006057283802268406,0.0010649867666264374
Handling_the_Undead_reviews,0.2616168689426212,0.356656171536694,0.01157014105757255,0.17483185274925614,0.13910823187047971,0.0562167600063341
Hansel___Gretel__Witch_Hunters_reviews,0.11270762427435936,0.6296539329147587,0.03974419271132016,0.1608502524116678,0.03466224951686551,0.022381739314369042
Hardcore_Henry_reviews,0.05667286442885017,0.6965336500211282,0.030420279145201155,0.13399777346057817,0.057603572605504715,0.0247718657854885
Hatching_reviews,0.05303632963397023,0.4596289531069083,0.006391003511251054,0.3414759343334784,0.1358377221881205,0.0036300695759968627
Hawa_reviews,0.04855123347778163,0.6775559859785747,0.014327218971523614,0.1639143959520832,0.08270841859645428,0.012942747521371423
Headshot_reviews,0.13482723516359812,0.6033015282948179,0.04914440806926589,0.13683848510429794,0.046862061683692,0.029026267628366013
Hellhound_reviews,0.0417383351466722,0.8491763526366817,0.011866716098868184,0.08099135178296517,0.01433354324156729,0.001893706968985498
Hell_River_reviews,0.0727791630779393,0.5163663103245199,0.11446293505141511,0.21953428405104206,0.05214496471453458,0.024712332338094712
Hotel_Mumbai_reviews,0.19332080544420302,0.637091496744408,0.00849575253848273,0.10870840735823059,0.04354963241180835,0.00883387413341552
Hotel_Rwanda_reviews,0.0042937111866194755,0.25639321451308206,0.24369706097058952,0.23716874583624303,0.25536797422682866,0.0030793051701039076
How_to_Make_Millions_Before_Grandma_Dies_reviews,0.193092281005674,0.6794091889306026,0.026821503367768052,0.05160969865220763,0.04576162258437013,0.003305750556618852
If_Only_I_Could_Hibernate_reviews,0.1741341913315969,0.5552132203816794,0.022613231970283847,0.17018312036256808,0.03211133522339738,0.045744927250780165
Inside_reviews,0.10230604062881968,0.5701215086478947,0.010895520582885688,0.15352404913250617,0.1326261566937319,0.030526714580547478
Inside_the_Yellow_Cocoon_Shell_reviews,0.336993372364139,0.5673758589704945,0.009130448716777291,0.07256663808154619,0.012236440943194215,0.0016972568409983069
Insurgent_reviews,0.17570323121708498,0.5255588173758952,0.03747513808320946,0.17481421556294663,0.07903331773150057,0.007415273328660987
In_Between_reviews,0.007265091044246219,0.931129664182663,0.013073191803414375,0.04518484353320673,0.001965946634300053,0.0013812268152832985
In_the_Lost_Lands_reviews,0.26215906569268554,0.5563410230568566,0.011969082911188403,0.10844785307667085,0.0562221922127286,0.004860787089758863
Iron_Mask_reviews,0.17510514807266495,0.4336891283902029,0.009160921229825666,0.28745679473504426,0.06913689280627296,0.025451132744395484
I_m_Not_a_Robot_reviews,0.07646324411533507,0.6097030678231802,0.012908259631201093,0.20989734098215454,0.05659657868506786,0.034431517539945035
I_m_Still_Here_reviews,0.14122159841603465,0.5360628657741472,0.006100127267252122,0.18110292643042547,0.13212621668519983,0.0033862547167310755
I_Spit_on_Your_Grave_2_reviews,0.25142497796332464,0.47184963410254566,0.005511651001870632,0.2622504798229784,0.005818014708347618,0.003145235008560121
I__the_Executioner_reviews,0.059083065778395394,0.9155043661594391,0.0032313716365024447,0.010392288284492679,0.010169886892981594,0.001618992377188988
Jackpot_Island___Kumanthong_Returns_reviews,0.34870435632765295,0.29681866616010666,0.008527325978502632,0.3023013511672616,0.033557843021117154,0.01009047154802829
Jeepers_Creepers__Reborn_reviews,0.14883772165151588,0.48650232467266236,0.009777898386613849,0.2120474825205747,0.13611545388223878,0.006719119475318995
Killer_Mermaid_reviews,0.08806959726974707,0.7553134343840859,0.012000016002055032,0.09297318073610465,0.0484791027733026,0.003164655521907138
Kill_reviews,0.09231763853369138,0.636618152511521,0.008823701431258367,0.17924049531575292,0.019510159463747047,0.06348985493577157
Kirikou_and_the_Sorceress_reviews,0.0046847806920090485,0.9082671834362878,0.003407299091729025,0.07530328969652247,0.005565502907201234,0.0027719148913294906
KL_Special_Force_reviews,0.2184888492047321,0.171465584076941,0.2147131017409265,0.30611176445381716,0.08265983601449989,0.006560862384503707
Kronk_s_New_Groove_reviews,0.07443828444229439,0.9071447646076028,0.006007319760762833,0.006497219384817237,0.0019209795176390219,0.003991421851837499
Kung_Fu_Hustle_reviews,0.02569482046075993,0.6246841406423805,0.11632635194756505,0.20354823449937007,0.025872652244288474,0.0038738116402075523
Kursk_reviews,0.10910149867413566,0.6039079363108613,0.004490999439440202,0.05261277296813205,0.22711197457101662,0.002774837543256581
Last_Sentinel_reviews,0.20579706042772158,0.7567880659364163,0.0045176758896559475,0.024441369727719577,0.005963927117409185,0.0024919066810980437
Law_of_Tehran_reviews,0.02021709131076932,0.5631498463917524,0.010968384551233612,0.26543972923536785,0.1328508895530831,0.00737406042026123
Leprechaun_Returns_reviews,0.2396131959360312,0.4595763500838075,0.007116409112795201,0.18586616716279156,0.05490915839361739,0.05291872783324353
Let_Go_reviews,0.07512765932187904,0.530796448176261,0.006157206851639785,0.11533313314430416,0.2682566283547203,0.004328971743234433
Let_It_Snow_reviews,0.0774453553603962,0.6310026614616314,0.007679601782001555,0.17165749648120254,0.10642277706453267,0.005792114194870616
Life_Is_Beautiful_reviews,0.018358727179778118,0.9637410442034403,0.003335664669672648,0.009161412289055685,0.003507275638791422,0.001895883760880679
Lilo___Stitch_2__Stitch_Has_a_Glitch_reviews,0.2852663704252336,0.655306261673104,0.007358048023888841,0.035229334818723146,0.008537079724192154,0.008302954149257857
Long_Live_Love__reviews,0.06229533772316894,0.6241013422342283,0.145466167097246,0.018982157967652062,0.009530376152335,0.13962465940442467
Mad_Max__Fury_Road_reviews,0.06411160148559725,0.6059728473761946,0.03135610911286912,0.23086222502121284,0.041094022125479523,0.026603204498582004
Malena_reviews,0.005913128732407296,0.7973136178810488,0.09968868575312874,0.011346027461430904,0.006498868370809677,0.07923968222563747
Man_in_Love_reviews,0.04038091579092328,0.8145424615253102,0.06134214640637352,0.0638063003954647,0.016383017201653936,0.0035451606646264818
Maria_Full_of_Grace_reviews,0.02787517663091421,0.8912190198898315,0.006283700893012186,0.04782064511285474,0.021705477168628324,0.005096032090174655
Masameer__The_Movie_reviews,0.03388885624008253,0.8143313229084015,0.03569227666594088,0.06731895534321666,0.04482984234346077,0.0039387641823850576
Mavka__The_Forest_Song_reviews,0.007323438291099261,0.6278820310465314,0.11992438129064711,0.16509721749885517,0.07770753248901614,0.0020653835116800938
May_December_January_reviews,0.1228176364534663,0.5783292016191087,0.12452425366139104,0.03902458990843774,0.11118990613512919,0.024114403514400255
Memoir_of_a_Snail_reviews,0.19251437818214376,0.5825946316108457,0.02216607537411619,0.09558792854416727,0.06772740946022775,0.039409579879550925
Mickey_17_reviews,0.06038715455472881,0.5877513491208307,0.04102723528250443,0.22289955982817516,0.052314275956282824,0.03562041018337298
Midway_reviews,0.15909814831229596,0.6067965712991281,0.030872926653046306,0.135223067107745,0.05856930691788875,0.009439982864023477
Mirror_reviews,0.08606116473674774,0.6226431131362915,0.01158066838979721,0.16179731488227844,0.10790953785181046,0.010008164681494236
Moana_2_reviews,0.09879342732109272,0.7459575125159552,0.01983573293993966,0.11392522496260846,0.01815119056398264,0.003336900016830231
Monos_reviews,0.15469350132965096,0.537225766331782,0.02569199476177649,0.17824677552683474,0.09688279569430354,0.0072591863942458685
Mortal_Engines_reviews,0.10120533893476366,0.5024132144612234,0.09268949747343573,0.1883255122622752,0.07163270878703082,0.04373372589691064
Mr__Jones_reviews,0.10672747638846676,0.7101633444858285,0.007983253024017008,0.0949223929693779,0.0774331506377516,0.002770381106529385
Mr__Nobody_reviews,0.18410531360132154,0.6498390318476595,0.004982529216795229,0.11352161564282141,0.0435743710360839,0.003977135266177356
Mufasa__The_Lion_King_reviews,0.06628017651019036,0.6903403653705027,0.07662785103093483,0.11963405248388881,0.03727787838488439,0.009839683974860236
Murder_Company_reviews,0.06374927647670524,0.7612173818051815,0.008172323694452643,0.13281070839406717,0.028877660871431645,0.0051726231985311545
Mustang_reviews,0.10987788080456085,0.5378320789095596,0.00846060832797472,0.2989153146566726,0.040914675966632785,0.003999437530486223
My_Fault_reviews,0.07528753372697303,0.5597604819788382,0.03422993746621964,0.2845095597350827,0.039239922466759496,0.006972556566604628
My_Favourite_Cake_reviews,0.11657299451656979,0.506891427773305,0.1033028198342601,0.11821450379846449,0.06778686102585528,0.08723138797160407
Neruda_reviews,0.17328517310064248,0.557354079229602,0.023903039191888336,0.18306920447503217,0.05554532369812174,0.006843186611755907
Nineteen_Eighty_Four_reviews,0.2839350872839402,0.3592279921729295,0.008913410234353727,0.20711508827350503,0.12195539372762487,0.018853027368008736
Nobody_Sleeps_in_the_Woods_Tonight_reviews,0.052879090755595826,0.5849596901486317,0.054879336569380634,0.1257047169104529,0.13920686873946883,0.042370337784329117
Nomos_4000_reviews,0.07106749713420868,0.8210978507995605,0.01822607032954693,0.0741394180804491,0.012268114369362593,0.003201146377250552
Non_Negotiable_reviews,0.42200356498360636,0.28624058729037644,0.004940978833474219,0.14062018916010857,0.1342488441616297,0.011945887701585889
November_reviews,0.06542487221886403,0.504960355849471,0.008705947524867952,0.1910590478742961,0.17681905760546215,0.05303068775683641
No_Other_Land_reviews,0.1875610964000976,0.3495169211922574,0.0098304528425703,0.35515577694956935,0.07695280131038969,0.020982952185741234
Number_24_reviews,0.1576693310693372,0.5374304812867194,0.07259126217104495,0.14887954206496942,0.07981761174305575,0.003611779210041277
Oddity_reviews,0.08095819950436375,0.5954375870725406,0.00856033675206293,0.18872047767009853,0.11862110917406556,0.007702266315131315
Once_Upon_a_Time_in_Anatolia_reviews,0.02535332501348522,0.6417611670525124,0.006808991996674902,0.1795520831235788,0.13910585425199112,0.007418631420781215
Once_Upon_a_Time_in_the_West_reviews,0.06773475514364691,0.6080583681614371,0.01648129832028644,0.2625797864066044,0.024436204756966617,0.020709572256237152
On_the_Path_reviews,0.009973904117941856,0.7790043354034424,0.14742237329483032,0.022226132452487946,0.03405577316880226,0.007317426148802042
Outside_reviews,0.16855094017551486,0.5761474597060846,0.008539386940861328,0.14132806849213214,0.09969922784593008,0.005734910997691461
OVERLORD__The_Sacred_Kingdom_reviews,0.02323416758251066,0.6621301590154568,0.03528502866781006,0.26277442191106576,0.014023621353165558,0.0025526152069990835
Paddington_in_Peru_reviews,0.18612302250942406,0.584378389420669,0.019974175752226816,0.1158566892285038,0.0862577858815375,0.007409923995038736
Panama_reviews,0.1495460018570731,0.46091250033657016,0.05657250266889796,0.17894385479954317,0.1486779555898944,0.005347184856777619
Pan_s_Labyrinth_reviews,0.021685225325200008,0.6668649298371747,0.01982966240029782,0.2573067088087555,0.030595986814660137,0.003717486219102284
Parasite_reviews,0.10397066092553996,0.6750407722289768,0.030088887662802846,0.13010557240033258,0.04241152018499352,0.018382589481472856
PAW_Patrol__The_Mighty_Movie_reviews,0.01783276006712445,0.649140947365335,0.07485649877760027,0.11490763597456473,0.006153415614140353,0.13710871458585774
Percy_Jackson___the_Olympians__The_Lightning_Thief_reviews,0.4956323625752702,0.3243677737656981,0.008889441983774305,0.154107403755188,0.013279984518885613,0.0037229716079309584
Perfume__The_Story_of_a_Murderer_reviews,0.15147215525050545,0.30125998104146373,0.13957934133294556,0.12193213131589194,0.19978295787910205,0.0859734095283784
Pieces_of_a_Woman_reviews,0.1906434429138244,0.5901672223017158,0.027850746500917012,0.09899453998514218,0.06703963027894133,0.025304416048584244
Pleasure_reviews,0.006681254848704806,0.6925858231926603,0.12414989295315795,0.025849083991488442,0.14598953827849723,0.004744393035902509
Queen_of_Hearts_reviews,0.1309157413779758,0.5292385246184673,0.056907583054328595,0.23092578775614647,0.023788262528422123,0.02822408072397058
Quo_Vadis__Aida__reviews,0.17327619763673283,0.49744914835901,0.007028001174330711,0.19485451060754713,0.12331695547472918,0.004075224723783322
Ready_or_Not_reviews,0.08650336950414189,0.5856016999573959,0.021295355087347038,0.2002777926448057,0.08148259376720685,0.02483918213264962
Revelations_reviews,0.015401875585666858,0.9419975876808167,0.011616577045060694,0.01790022719069384,0.006167834624648094,0.00691587635083124
Riders_of_Justice_reviews,0.05260817421367392,0.7081869350855842,0.017377814517685157,0.13675817528136952,0.04178432066349641,0.04328460966387544
Rio_2_reviews,0.28480844001751393,0.4887957540922798,0.04758704960113391,0.15149111923528835,0.02190104181499919,0.0054166381669347174
Robin_Hood_reviews,0.2255033885116323,0.310195399281968,0.010066985789827803,0.3567040799410149,0.08890215092625502,0.00862798734721894
Room_in_Rome_reviews,0.33259280599304475,0.2729217560554389,0.007820228216587566,0.35619545832742006,0.024981783630209975,0.005487994712893851
Room_reviews,0.07444171266531786,0.6049992446859296,0.0412970888419435,0.12322308825633417,0.12096528611056363,0.03507358050152946
RRR_reviews,0.07048989931087292,0.5861789752235806,0.03471256891551744,0.21655025767160307,0.042687448828348705,0.04938083964746035
Rubikon_reviews,0.04817610117606819,0.776801531513532,0.010511087952181697,0.11706393918332954,0.04111528384479849,0.006332070120455076
R_M_N__reviews,0.33036956896207165,0.5500204898416996,0.06579932133068464,0.021816850589987422,0.029466054219353412,0.0025277039676439017
SAS__Red_Notice_reviews,0.13363573754815242,0.4675746703735338,0.02745259869754171,0.24072655679013294,0.12557037245446387,0.00504004774400248
SeeFood_reviews,0.21806263109569304,0.36170923709869385,0.006656708507632304,0.3231946967009987,0.03466135696674298,0.05571539965707676
Severance_reviews,0.01523038459096202,0.6992889203186343,0.026061212294735014,0.22921952616276317,0.010103510476734587,0.020096461408109844
Shirkers_reviews,0.09829265368171036,0.8604053109884262,0.02177364128874615,0.010249685205053538,0.005535484204301611,0.0037432100216392428
Sicario__Day_of_the_Soldado_reviews,0.08606294604043277,0.599090715407926,0.023272080339458105,0.1792352595532845,0.10727041564532555,0.005068568312812463
Sisu_reviews,0.09745190241767591,0.5563059957865232,0.013085776472687197,0.28358611988369375,0.045476410611742506,0.00409379404556321
Snails_in_the_Rain_reviews,0.1553248975930425,0.5698986923736002,0.05057505823464857,0.14929051500641638,0.06907621991639543,0.00583463850327664
Sniper__The_White_Raven_reviews,0.026847417850513013,0.7017452985048294,0.016940242261625826,0.23980435727862642,0.01194184854393825,0.0027208780986256896
Snowpiercer_reviews,0.06537391617176544,0.7682121207918462,0.009186109168333805,0.1021408468878777,0.03117255850261307,0.023914455461685788
Solaris_reviews,0.17954648660185438,0.3944750119311114,0.006670223463637133,0.07407280911381046,0.3175082338352998,0.027727260576405875
Solo_Leveling__ReAwakening__reviews,0.12348328477310133,0.6812804245128063,0.008596366038545966,0.11179084547256934,0.06847488878702279,0.006374191896611592
Sonic_the_Hedgehog_3_reviews,0.10239281080236348,0.5737514154830327,0.01848664627953743,0.19160981595438595,0.08111519953235984,0.03264409501377183
Spirited_Away_reviews,0.10171984538901598,0.7028714735371371,0.012716512517848362,0.10940859918870653,0.06754768605848464,0.005735892996502419
Stalker_reviews,0.11722329705739148,0.6668705579481626,0.012808658102968414,0.13763876974362096,0.059427135095527196,0.006031578869289278
Sujo_reviews,0.25990366083211625,0.5453818200174003,0.07957344026251051,0.056550962219122224,0.055635048483964056,0.0029550760339658996
Surongo_reviews,0.2035712482294698,0.49734558242455346,0.0076501084772376896,0.22503386900986216,0.06135863254723303,0.0050405776864328585
Survive_reviews,0.17391325325459345,0.47958467635908164,0.0072183988781438935,0.15464439063281235,0.14394646904838737,0.04069282392285661
Taming_the_Garden_reviews,0.1362530142068863,0.007115122862160206,0.0048540569841861725,0.8297089338302612,0.014186958782374859,0.007881993427872658
Taste_of_Cherry_reviews,0.18596246777867367,0.4278334726446441,0.009932667831890285,0.3190759669981032,0.05189819169754628,0.005297211360552215
Taste_reviews,0.16109443936632792,0.4816631955327466,0.04785427141662998,0.14219895239997035,0.12135088884194072,0.045838253058415525
The_33_reviews,0.18394535200932297,0.46800168217741883,0.026049555762438104,0.23016478254430695,0.06385174502211158,0.027986890863394363
The_Attack_reviews,0.036825173879221365,0.7585943553310174,0.008961563383658918,0.15473756537092134,0.035050011799634934,0.005831337238375384
The_Band_s_Visit_reviews,0.30874841718468815,0.5750772183140119,0.09979416810286541,0.00941464708497127,0.0038697004589873054,0.003095845109783113
The_Best_Exotic_Marigold_Hotel_reviews,0.024534722962506257,0.6392273239863033,0.05747471536205222,0.21886107410402753,0.018340578390052542,0.04156158338390434
The_Blazing_Sun_reviews,0.1568408297956921,0.667929881811142,0.010483067156746984,0.14140231687342747,0.020470592606579886,0.0028733176295645535
The_Book_of_Sun_reviews,0.04361610865453258,0.7515839389007952,0.0683495908872121,0.1236501088036069,0.010667989549498694,0.0021322553964435225
The_Bourne_Identity_reviews,0.03876501754348283,0.6012082827510312,0.03181450447300449,0.15554545566919842,0.15393028106154816,0.018736459147476126
The_Bridge_Curse_reviews,0.006724636442959309,0.9668926954269409,0.012932021380402147,0.007426418364048004,0.003523241076618433,0.0025010327342897655
The_Brothers_Grimm_reviews,0.0405587868927978,0.5587545708566904,0.09212228263262659,0.1892344907578081,0.1101863754063379,0.009143479601480067
The_Chronicles_of_Narnia__The_Lion__the_Witch_and_the_Wardrobe_reviews,0.04353196348945078,0.7054688519848111,0.03511221184661346,0.13458540908593153,0.06458469080805246,0.01671689581749628
The_Colony_reviews,0.40734550869092345,0.32888378951853764,0.013417383335763589,0.18369081538791457,0.06233686796622351,0.004325607519907256
The_Convert_reviews,0.028225387871945992,0.6782893569280322,0.08210948709613429,0.1972643414583917,0.010913365970526893,0.00319806790839021
The_Count_of_Monte_Cristo_reviews,0.06233829509142812,0.6805155793569881,0.03473352125493457,0.1851330954483962,0.03390970583957922,0.003369812819810987
The_Devil_Conspiracy_reviews,0.31822462286800146,0.6639340141167244,0.00339099345728755,0.012648991774767637,0.0007689250439095,0.001032467233017087
The_Emigrant_reviews,0.00692696898477152,0.7365492093609646,0.0063346539856866,0.20111916235182434,0.00396211959887296,0.04510783738223836
The_Funeral_reviews,0.1663033366203308,0.3529905080795288,0.03260786831378937,0.3528239130973816,0.0672699585556984,0.028004387393593788
The_Girl_with_the_Dragon_Tattoo_reviews,0.06701388151850551,0.6896923407136152,0.18470502303292355,0.026081531230981152,0.027679496745501336,0.004827744715536634
The_Girl_with_the_Needle_reviews,0.1765167781532,0.4649208695773268,0.041578062267944915,0.18791121384856524,0.12129624354020052,0.00777683643536875
The_Gods_Must_Be_Crazy_reviews,0.038161444885190576,0.7882653642445803,0.019917390949558467,0.07332699172548018,0.06610069255839335,0.014228091706172563
The_Good__the_Bad_and_the_Ugly_reviews,0.08899848364877,0.591579568143089,0.017056429073885156,0.20751995953432784,0.0756219982783783,0.019223564056298447
The_Hitman_s_Bodyguard_reviews,0.05200331088395394,0.7171851318315462,0.03367861776584477,0.13669525776464125,0.05423416437450655,0.006203512049096665
The_Hobbit__The_Battle_of_the_Five_Armies_reviews,0.10227173082610391,0.5487499546314425,0.09295321199312515,0.2222222890396712,0.028829128490007648,0.004973691182813662
The_House_That_Jack_Built_reviews,0.15724671901417814,0.4132149806137022,0.020234519307320755,0.29486039439975037,0.09251695275997918,0.021926428642733038
The_Hundred_Foot_Journey_reviews,0.13056758928966397,0.6268313269441327,0.026892871039712593,0.18099274855598602,0.029643423767993227,0.0050719883777977275
The_Hunt_reviews,0.08104944863612952,0.5160398922204378,0.03500476199687616,0.3198322347048933,0.0353377888487528,0.01273588068509144
The_Inseparables_reviews,0.045518787311656136,0.5392708738467523,0.008004109541486417,0.04232495788684381,0.36071514629709,0.004166104115678796
The_Lair_reviews,0.2648338490689639,0.6164117128355429,0.005571067798882723,0.10119603635394014,0.009055366397660691,0.002931914321379736
The_Last_Breath_reviews,0.11386649985797703,0.3627653337187237,0.023911816792355642,0.45678417772675556,0.03568244805662996,0.006989718285492725
The_Last_Samurai_reviews,0.15352798782634747,0.5570627103531451,0.05010951232433206,0.15163228055109468,0.055547218527256824,0.032120272264971085
The_Lego_Batman_Movie_reviews,0.08463117045886424,0.6840915113232683,0.02185437310389568,0.15391857279356308,0.04918989818543196,0.006314479021036045
The_Lobster_reviews,0.10635999166894376,0.5690589811671777,0.023074871371185558,0.10359271222133995,0.09040306399834368,0.10751036683339751
The_Long_Ships_reviews,0.015288072580005974,0.7777835900895298,0.003941359906457364,0.1810924018267542,0.019722520373761654,0.0021720699733123183
The_Next_365_Days_reviews,0.28322468832929565,0.4593941349097911,0.006603686258826843,0.16413994953173267,0.08301376472809352,0.0036237813902142294
The_Night_Comes_for_Us_reviews,0.12030915967294607,0.5404089066432789,0.010475961867169562,0.20470223828240044,0.10275575457490049,0.021347988918106155
The_Nutcracker_reviews,0.2785397456706657,0.5541602113128951,0.10550700952686991,0.030457289947662503,0.02766290237438322,0.0036728568132578707
The_Painted_Bird_reviews,0.4364004082744941,0.4748671100940555,0.007194269774481654,0.01438932791352272,0.06243103267624974,0.004717852268368006
The_Perfect_Candidate_reviews,0.22615725867993508,0.5240935535170138,0.027810551521057884,0.17332749504906436,0.04557338339121391,0.003037787318074455
The_Pig__the_Snake_and_the_Pigeon_reviews,0.11751374941509725,0.3437134846621616,0.008144999822517011,0.498743747419212,0.028367191365263847,0.003516808443237096
The_Price_of_Money__A_Largo_Winch_Adventure_reviews,0.5169845179521612,0.3859274920874408,0.006525655119081161,0.08033586233588201,0.008295158631101782,0.001931261844999556
The_Proud_and_Damned_reviews,0.29192464886448133,0.39287427046264595,0.037085850848458134,0.22818108017628008,0.02918344830127003,0.020750707078080338
The_Raid_2_reviews,0.10182294337428174,0.5856164093478583,0.05373317252960987,0.19676555898040532,0.05878086954471655,0.003281039374996908
The_Raid_reviews,0.10608951799440547,0.6303885680390522,0.009696698107291013,0.180004997208016,0.06798989133312716,0.005830348884046543
The_Rifleman_reviews,0.2592867603854519,0.5513699424513818,0.011549363024127872,0.12400207626532116,0.04774011857428021,0.006051718471217496
The_Rising_Hawk_reviews,0.06262585937414163,0.6604131373266379,0.09094344901192623,0.1179652189554569,0.059322928888529226,0.00872941476215298
The_Rule_of_Jenny_Pen_reviews,0.058689696656074375,0.5697052875766531,0.015082895988598466,0.337671417160891,0.015434860533180958,0.003415829914350373
The_Secret_in_Their_Eyes_reviews,0.1608291244483553,0.7044439599137857,0.022292341183250148,0.03733756230212748,0.06949115206953138,0.005605866877077561
The_Settlers_reviews,0.1411631540977396,0.622231924533844,0.012406333372928202,0.21468768916092812,0.006652805057819932,0.002858091308735311
The_Shadow_Strays_reviews,0.005496506595851055,0.7105153621773103,0.0021702854594747934,0.2792098687662344,0.0016054932327408875,0.0010024648093219315
The_Sonata_reviews,0.020278159831650554,0.671937819570303,0.008357258234173059,0.047410896979272366,0.24201298372936436,0.01000283369794488
The_Soul_Eater_reviews,0.08954094561417342,0.5714915708246592,0.01474338178032715,0.13891997238572099,0.17841756031358322,0.006886569271476841
The_Substance_reviews,0.11224897100730194,0.6207016984202697,0.023323903171267438,0.15436052360899186,0.06455404592484197,0.024810853134596498
The_Teacher_reviews,0.05554016703293504,0.3764477471753101,0.08515625481959432,0.44949442271414836,0.030282483210612554,0.003078926262484553
The_Third_Wife_reviews,0.041810835245996714,0.570261473953724,0.15008025707211345,0.044859896413981915,0.18637157161720097,0.006615943554788828
The_Tin_Drum_reviews,0.07110781528172083,0.526901623718004,0.011523677490913542,0.2464067368018732,0.10092325174628058,0.043136878091900144
The_Trap_reviews,0.0008074404904618859,0.9944532811641693,0.0018023570301011205,0.0015374816139228642,0.0005686148360837251,0.0008308151154778898
The_Tribe_reviews,0.13586564362049103,0.6090105175971985,0.03617861494421959,0.20123998820781708,0.013120266608893871,0.0045849597081542015
The_Tsugua_Diaries_reviews,0.03202364501670341,0.6132010753181848,0.09406150856309316,0.23518388490827585,0.018057747976854444,0.007472131380134008
The_White_Tiger_reviews,0.14829566559637897,0.578257110578389,0.013046867063332518,0.20895148247390435,0.03905896905648247,0.012389907740395178
The_World_Is_Big_and_Salvation_Lurks_Around_the_Corner_reviews,0.10706636165474158,0.4817978206145413,0.07369484008043348,0.15372147791854598,0.14800530742778553,0.03571420777863001
Three_Colors__Blue_reviews,0.19157212946339752,0.5715661636894327,0.010261190690841802,0.15115458266895818,0.07030971774171728,0.0051362529080102425
Through_My_Window_reviews,0.003117404722919067,0.3521715961396694,0.6290120945001642,0.010072069785868129,0.002211321727372706,0.003415588173083961
Tiger_Stripes_reviews,0.1148537324107666,0.486963063517275,0.01126473968098354,0.2037243003012716,0.1091138986877114,0.07408029282103396
Touch_reviews,0.33063676570468076,0.44122775449597446,0.0270399526423055,0.0653871329665311,0.11712628314324486,0.018582108917392114
To_a_Land_Unknown_reviews,0.05018188289474123,0.49184963571874857,0.041057647205889225,0.2256610629041321,0.18708337656258103,0.0041663578953235764
Trauma_reviews,0.11562689990736544,0.5101187398796901,0.05053899245802313,0.20722257531713695,0.09919797503505834,0.01729480623966083
Triangle_of_Sadness_reviews,0.13737031602163297,0.571574705986871,0.030049720229428322,0.22634039213880897,0.02781095624172327,0.006853923312250952
Troll_reviews,0.03667000213172287,0.7308604747056962,0.006726154981879518,0.16723888689884917,0.04490130819613114,0.0136031505826395
Twilight_of_the_Warriors__Walled_In_reviews,0.1647168435883941,0.44250364278767457,0.011451124476609818,0.243819115970317,0.1272991950510394,0.010210090357369543
Underdogs_reviews,0.15224436903372407,0.7408282607793808,0.006566177704371512,0.07562602823600173,0.02112790901446715,0.0036071562208235264
Underground_reviews,0.1367892009555362,0.46654007824836297,0.005145633258507587,0.23846780984604266,0.1320313562260708,0.02102591459697578
Urban_Legend_reviews,0.08902793112611107,0.5379020451873657,0.006805603439715924,0.19994520921318326,0.13309291944278812,0.03322628625028301
Wajib_reviews,0.0009088116348721087,0.9954561293125153,0.0012775037321262062,0.000997277908027172,0.0005005340499337763,0.000859701307490468
Well_Tempered_Corpses_reviews,0.1346093111205846,0.7804438434541225,0.025048028473975137,0.055190230210428126,0.0027289328281767666,0.001979651438887231
When_Evil_Lurks_reviews,0.1379551935131617,0.485423495632685,0.011257402280101641,0.2766306800047113,0.08369008972935955,0.005043137729877517
Who_s_Singin__Over_There__reviews,0.058244547256617804,0.53906772150076,0.024517408764950233,0.23542522290954365,0.08969125650037313,0.05305385202227626
Wild_Awakening_reviews,0.16636001601416087,0.5980603077581951,0.028797343439821686,0.18137827565494394,0.01592470330485542,0.00947936235960307
Wild_Tales_reviews,0.07017543438788769,0.24222336264626523,0.034571622273818194,0.5611964280584029,0.02900318497060133,0.06282995349361695
Wolfwalkers_reviews,0.07706018547914752,0.7788818151956158,0.017323514161517426,0.09358540101734712,0.010310766101833813,0.02283833509581924
Woman_at_War_reviews,0.03472638962557539,0.6845595836639404,0.0177599280141294,0.23130299476906657,0.01712397119263187,0.01452711533056572
Y_Tu_Mama虂_Tambie虂n_reviews,0.060553657796117474,0.6175975441932678,0.01021533414022997,0.19859488127403893,0.10564344858867117,0.00739513187436387
Zero_Point_reviews,0.288628026239828,0.42272685056509957,0.02130577367180112,0.21988674621521073,0.042293685271447015,0.005158880577338013
200_Meters_subtitle,0.0787737430762414,0.49857055472684086,0.01829603169915835,0.30449462861284615,0.0896257777108305,0.01023926293062099
24_Hours_to_Live_subtitle,0.10441989085730033,0.48004970564071625,0.01930492978466752,0.30209015048876525,0.08345344205972531,0.01068188087613809
200_Meters_subtitle,0.0787737430762414,0.49857055472684086,0.01829603169915835,0.30449462861284615,0.0896257777108305,0.01023926293062099
24_Hours_to_Live_subtitle,0.10441989085730033,0.48004970564071625,0.01930492978466752,0.30209015048876525,0.08345344205972531,0.01068188087613809
365_Days_subtitle,0.10262818986666389,0.4426901910771721,0.029738753388354845,0.33547227223555287,0.0790588066157409,0.010411787743724142
365_Days__This_Day_subtitle,0.09070216629800434,0.5702428235261976,0.02053920316803926,0.245097069349028,0.06558068693023718,0.007838054619078787
7500_subtitle,0.08202573929180862,0.5529428243525433,0.01323888714496875,0.2589501151298373,0.08127061367161581,0.011571821348884384
7_Guardians_of_the_Tomb_subtitle,0.09684111889508633,0.5354997414675209,0.014629815100656392,0.24361386562526918,0.0974351839794002,0.01198027464706025
About_Dry_Grasses_subtitle,0.09557308718825355,0.4711174092399532,0.018361087222740838,0.30624576482719484,0.09379805901398298,0.014904593141732012
About_Elly_subtitle,0.09395948097813761,0.545070114611578,0.013370488264866547,0.23265990282824558,0.09924934844404852,0.015690666487109102
Abraham_s_Valley_subtitle,0.13318453000874056,0.44110536673989226,0.04584287962044555,0.28114288284891303,0.08257456053820847,0.016149780232772037
Acts_of_Vengeance_subtitle,0.1124270781522668,0.44533920854391623,0.027237122561490038,0.3114595774112267,0.0933382964821158,0.010198719637238065
Adrift_subtitle,0.10436327313245004,0.5128966600545196,0.020111702281087315,0.26665214119360114,0.08373039755012165,0.01224582559098821
After_the_Dark_subtitle,0.12442447238259774,0.48569923217575706,0.02178473196512641,0.266134623820908,0.09264924188984879,0.009307694466770045
Against_the_Ice_subtitle,0.10894550577818983,0.5232034383835505,0.016687314482646952,0.25510666199148624,0.08450523908211154,0.01155183753698554
Agnee_subtitle,0.1166912148278507,0.4946391581041333,0.019278366286532893,0.2639467861398213,0.09760258719982248,0.007841891631288754
Air_Force_The_Movie__Danger_Close_subtitle,0.08767185534561683,0.5558945886744141,0.019141373054176004,0.26367779756014653,0.06390592398544397,0.009708462798936507
Alice_subtitle,0.10872114920459092,0.5135904782440253,0.0198498767166063,0.2489136656897579,0.0997500135680609,0.009174818558658307
All_Quiet_on_the_Western_Front_subtitle,0.110854589335041,0.4858546880768829,0.018801074532126715,0.3001776181090225,0.07494014872771279,0.009371880268919762
Amaran_subtitle,0.07481879529248858,0.5463587217757159,0.02279603189074905,0.2781410434811141,0.06848752120521023,0.009397884174923052
American_Ultra_subtitle,0.14323590461087102,0.3164937769373258,0.012364553119469848,0.3529608488962468,0.15843577743119872,0.01650913808650027
Amour_subtitle,0.1243394305050417,0.47627707186082674,0.023734744842646822,0.24902223414835778,0.11169130593897031,0.014935209652976268
Anacondas__Trail_of_Blood_subtitle,0.10173841726716419,0.5373616627731654,0.020463630500574308,0.2281966767019822,0.1011641703801194,0.011075445726815562
And_Then_We_Danced_subtitle,0.10347725744862613,0.43352526120933943,0.022536921764227915,0.34372665576111894,0.08501980638147014,0.011714096289833935
Animal_subtitle,0.09084615030552252,0.46397399814674306,0.022365428671615076,0.3285731941785785,0.08500825931394264,0.009232970506483775
Antichrist_subtitle,0.12089343964538722,0.4601360496257928,0.020484042323669613,0.2864052714184516,0.10149820523261885,0.010582993393997545
An_American_Haunting_subtitle,0.10515629019748259,0.4346791056345935,0.01964107071029328,0.3234664927553544,0.10609412037133313,0.010962919365020321
Apocalypse_Z__The_Beginning_of_the_End_subtitle,0.23832024610601366,0.4891628688201308,0.007385002449154854,0.2065763701684773,0.05570946726948023,0.0028460186440497637
Attack_on_Titan__THE_LAST_ATTACK_subtitle,0.12284853059729155,0.4600531195947114,0.01814006405922449,0.3095179493874656,0.07843765336599427,0.011002679698338914
Attraction_subtitle,0.10702274431537866,0.5470545720226602,0.010563927949344394,0.2222421442242741,0.10168356348467328,0.01143305459929284
Automata_subtitle,0.09169324092301419,0.4579848755534773,0.015197044864497532,0.3146496557810421,0.10918961956294067,0.011285565656111201
Away_subtitle,0.5041642189025879,0.07822635769844055,0.0219905786216259,0.30006834864616394,0.09189406037330627,0.003656490007415414
A_Good_Day_to_Die_Hard_subtitle,0.07559243179455308,0.5287642822878286,0.014508763302324547,0.2826641418160526,0.08409667539555453,0.01437370708991233
A_Greyhound_of_a_Girl_subtitle,0.09812403494747701,0.5524675762732865,0.02805754064690949,0.2282163012528052,0.08037170263096273,0.012762846368504764
A_Separation_subtitle,0.12404930806619165,0.3647738654550164,0.013073606245028686,0.3729700866051569,0.11644500271115263,0.008688131323596821
A_Serbian_Film_subtitle,0.12472310494248211,0.46890823918558483,0.022748317859704395,0.2958026529806552,0.07557743037779904,0.012240253075897198
A_Simple_Favor_subtitle,0.10943920739178058,0.49878374334009545,0.027759644094261404,0.27383839158372913,0.07720224289281448,0.012976770442030886
Bait_subtitle,0.1090768631295183,0.5493189236175426,0.033201052540909944,0.230587080853801,0.06926736667609616,0.008548710479000977
Baksa_Badal_subtitle,0.1003319657612289,0.5288776281145443,0.018283341868035565,0.27176912377039786,0.07291507768507918,0.007822864550216118
Battleship_Potemkin_subtitle,0.09679432677973925,0.5377978717605867,0.03051998334860134,0.239124108902633,0.08386129319239068,0.011902416787229524
Below_Her_Mouth_subtitle,0.1082153716745101,0.4677476445634755,0.042086737143811614,0.29162093668048694,0.07400095686622057,0.01632835578110411
Benedetta_subtitle,0.1100920284326676,0.45862096371291033,0.03423987971546557,0.3119573580262476,0.07660728380150728,0.008482487894609985
Better_Man_subtitle,0.10666468631459407,0.5317480421175291,0.032725800169877896,0.26954396954906495,0.046706792494241554,0.01261070817523763
Beyond_Skyline_subtitle,0.07915880806973863,0.5671106135336513,0.014230763780219273,0.26434622650536366,0.06245171282895456,0.012701876044444678
Big_Bad_Wolves_subtitle,0.09511741369103605,0.4525078553293633,0.018857389237610874,0.3264055684726343,0.09382034600160918,0.01329142600967074
Big_Game_subtitle,0.09859217277659435,0.6161836373345392,0.013403703949085704,0.22079364685865133,0.0459351837323697,0.0050916604132774145
Blackbird_Blackbird_Blackberry_subtitle,0.13697025913818267,0.46273888648644396,0.031202247836407335,0.2658970329898685,0.09424432420265606,0.00894725418380443
Black_Book_subtitle,0.10249014929971535,0.4838478628901281,0.02138478839711061,0.29679395654129687,0.08578906522607208,0.009694176244730221
Blood_Tide_subtitle,0.09708530649093204,0.46470519493157364,0.020283992171672913,0.3123207683002191,0.09493624167850016,0.010668493626430502
Bridget_Jones__Mad_About_the_Boy_subtitle,0.08634374402548148,0.5884154227715414,0.029467574416313702,0.22055179817096762,0.06078856208669635,0.014432895775176056
Brimstone_subtitle,0.09638803539450075,0.4898170451325699,0.02983096253516016,0.31565131224136694,0.060499234993096444,0.007813407281057415
Bring_Them_Down_subtitle,0.1418080310829265,0.2849874845771822,0.012660761675709542,0.4552494041876481,0.09266922025466864,0.01262509640095369
Burning_Betrayal_subtitle,0.7444314360618591,0.03404923155903816,0.007078022230416536,0.18368320167064667,0.028545832261443138,0.0022121856454759836
Bye_Bye_Tiberias_subtitle,0.1469693048706789,0.42540282417958686,0.029419407281747457,0.2741546926805415,0.11317920340594809,0.010874567797276366
Cairo_Station_subtitle,0.088853185438809,0.4353507966418272,0.02012267692205208,0.36391103305784833,0.08130785041198926,0.010454458139969671
Calculator_subtitle,0.10577249536217748,0.4830758764778548,0.01320424055361416,0.3054671946863332,0.08176733671640031,0.010712855967138515
Caligula_subtitle,0.0961495393789514,0.5341532255978305,0.02783697152698544,0.24928765812573805,0.07874744047311966,0.013825160464502387
Captain_America__Brave_New_World_subtitle,0.09064370037333447,0.5048667592147922,0.014827375383068405,0.29622952356464793,0.08198035575956435,0.011452285115884328
Chalet_Girl_subtitle,0.08941317743535256,0.5871667457193833,0.023213876653532833,0.2234906148076818,0.0620568886777924,0.014658695355503695
Charlie_Countryman_subtitle,0.09654904405359883,0.4916657335167161,0.024366895143305846,0.2946820172519894,0.07626725885379722,0.01646905209463266
Chasing_the_Wind_subtitle,0.08269233443086621,0.583983101688703,0.024379816497906198,0.22476056361461647,0.07301368047386816,0.011170505711502195
Chernobyl__Abyss_subtitle,0.09730200010782833,0.5301442010905794,0.0185351125957956,0.25224413370840976,0.09114834896928563,0.01062620321837792
Chotushkone_subtitle,0.0956249573862799,0.47195819563575814,0.01917598264355562,0.3280994145657742,0.07236829631614419,0.012773156159131849
Chungking_Express_subtitle,0.12637245222704838,0.45648590293755986,0.026090479097426622,0.28130382422875394,0.09944096939771647,0.010306376945644149
Cirkus_Columbia_subtitle,0.11975294471552517,0.4470701914960502,0.012845522190211064,0.3095364793564065,0.09898165599171659,0.011813203186731099
City_of_God_subtitle,0.09149384146782241,0.42210829183549214,0.02089957789434856,0.38249823686727513,0.07370617986779411,0.00929387038510341
Cleaners_subtitle,0.10387559357605865,0.5597090212310233,0.017896065279001366,0.23999853484940598,0.06851273935912047,0.010008044611917767
Cleaner_subtitle,0.0066750384867191315,0.9825004935264587,0.0040701148100197315,0.004491482395678759,0.0016320564318448305,0.0006306743598543108
Close_subtitle,0.0847991088050954,0.5781761604650897,0.024208815731737336,0.22330103657607686,0.07498521104970367,0.014529667082435546
Come_and_See_subtitle,0.08484368484565302,0.39417294880457315,0.022571189858691203,0.40145449252086274,0.08552656716118871,0.011431115486438534
Contagion_subtitle,0.10988400707193996,0.5028419167467065,0.016038284744469344,0.23879983089977513,0.12242602112717102,0.010009937193172695
Counterattack_subtitle,0.10857119787022837,0.48213354025392036,0.01626911986451492,0.29612029030405435,0.08857318493980207,0.008332667196087298
Creation_of_the_Gods_I__Kingdom_of_Storms_subtitle,0.11595324002214592,0.4266765780075425,0.020718878009456442,0.3570807198973196,0.0711999509330996,0.008370632398793203
Crossing_subtitle,0.09325417196709733,0.4663948817271948,0.02155318934668924,0.30844414696657185,0.09725388671315333,0.013099725369377474
Crouching_Tiger__Hidden_Dragon_subtitle,0.10620989501545773,0.47869346315300215,0.021449623774457357,0.30508797763780293,0.08103026919516391,0.007528772964023797
Cuckoo_subtitle,0.14135319429649024,0.4735665465547245,0.009963599260564957,0.2940672951270984,0.074208825247528,0.006840540660482089
Dara_of_Jasenovac_subtitle,0.10837316690849579,0.4703494185849252,0.016686140849934923,0.3062787510966704,0.08982459480188607,0.008487931693459606
Dark_Waters_subtitle,0.09629476110583789,0.43092907474928727,0.02961731622119429,0.35379038175914174,0.07889438763372063,0.010474079517419296
Dear_Ex_subtitle,0.10883641153613324,0.45394734193052605,0.02021744042137219,0.33408105302301677,0.07468581706385403,0.008231940071722104
Dilwale_Dulhania_Le_Jayenge_subtitle,0.10207116575528173,0.4866264548621538,0.028973083760674204,0.29693471177569297,0.07295840297818662,0.01243618133350011
Dogman_subtitle,0.09968810598153353,0.5606859250043011,0.03528163447008882,0.22111052150105567,0.07161379985872927,0.011620010222126343
Dogtooth_subtitle,0.11213557050987326,0.4989577125666477,0.022025464035691913,0.2566777336726299,0.10033483444373756,0.009868686236068685
Dog_Soldiers_subtitle,0.09257738123523353,0.45989844532838714,0.018154861613692532,0.34716664638614597,0.07162888064342578,0.0105737887561102
Donbass_subtitle,0.0890080038812259,0.45430531185065265,0.01904410494566,0.34639315560036227,0.08242462794559377,0.00882479406054882
Doom_subtitle,0.09658095038354245,0.4565190707058431,0.012036668442434886,0.3323753985015203,0.09065706806723028,0.011830843027773603
Dragonkeeper_subtitle,0.10117097626407737,0.5116146776931502,0.01528434080242352,0.29242977904011425,0.06652110336987666,0.012979119171857323
Dredd_subtitle,0.10338784527204997,0.4632946485561419,0.011808764627635604,0.324330435659813,0.08725424817820862,0.009924056224925551
Drift_subtitle,0.10503075136426164,0.5180614873327937,0.018317988817354282,0.2588864466478549,0.08630513711338729,0.013398187411240338
El_Conde_subtitle,0.15979108186690388,0.41818505957426905,0.01554163743276149,0.3314796192414203,0.06912301985996876,0.005879576747444131
Embrace_of_the_Serpent_subtitle,0.11693973591445804,0.4265135054022555,0.019179186862882523,0.3288406471298132,0.0995813478996731,0.008945578789173405
Enemy_at_the_Gates_subtitle,0.11199656161187614,0.5087511212820905,0.019285898884683142,0.27359013645495006,0.07768289940676414,0.008693383492218418
Escape_subtitle,0.1106095632396992,0.47509228751037474,0.015893881744166182,0.29728352249884565,0.0935603898924051,0.007560358393648467
Everest_subtitle,0.08331667716416617,0.6464711904998439,0.01727352472091267,0.1818543449214673,0.06111466362954084,0.009969598096059535
Fireball_subtitle,0.09371001740995173,0.5468642438451449,0.06528465897038889,0.28379190526902676,0.00817914841657815,0.0021700425422750413
Firebird_subtitle,0.11002031099719081,0.48415699438752297,0.026980552821693902,0.2906044151972246,0.07927328013351383,0.00896444705244948
Flight_Risk_subtitle,0.08792045907377777,0.5434526881002614,0.017706814410130476,0.26131343613023894,0.0792916727244845,0.010314928769486632
Flow_subtitle,0.003999707754701376,0.022778775542974472,0.005678204353898764,0.014424614608287811,0.925788164138794,0.02733049914240837
Foxtrot_subtitle,0.14300715361472902,0.4365603786175325,0.025257630000114616,0.2795821978317484,0.10523025689864446,0.010362380844255064
Furiosa__A_Mad_Max_Saga_subtitle,0.10177401461258877,0.4829215374136179,0.018487149778853303,0.31331287686422205,0.07466980896696548,0.00883461397827083
Ghost_in_the_Shell_subtitle,0.0910407062494292,0.47829273637634684,0.011365235789977984,0.28512734048723326,0.12311942629413725,0.011054557138063274
Ghost_Rider__Spirit_of_Vengeance_subtitle,0.09381726404119815,0.4594878251083698,0.018672610920816065,0.3269427017989916,0.0861755962523513,0.014904005031450939
Gloria_Bell_subtitle,0.09522955754185354,0.578533023168608,0.026000612193142866,0.21576462139335098,0.0714033378149331,0.013068847930242546
Going_Steady_subtitle,0.09800614812431302,0.5835942010881023,0.018737359701969568,0.21468071078242534,0.07548604818727392,0.009495527553740866
GomBurZa_subtitle,0.07690219847202061,0.5030312033811741,0.015590794071046682,0.3272101369039431,0.06698003617419473,0.010285631538988193
Goodnight_Mommy_subtitle,0.08868993520198332,0.47381271989733115,0.02053013253357011,0.3092844298166009,0.09728997322123796,0.01039281861748217
Guang_subtitle,0.10603965610096004,0.37657656434707987,0.01960260308770328,0.3884514323555403,0.08584365645321804,0.02348607883010186
Handling_the_Undead_subtitle,0.10504602746799659,0.5462562640487786,0.030074229105999165,0.19267982303885461,0.11333360940508183,0.012610047894957038
Hansel___Gretel__Witch_Hunters_subtitle,0.09391081883129394,0.45252015772311494,0.01755312973558239,0.3255378180317968,0.08892737054843629,0.021550703422512814
Hardcore_Henry_subtitle,0.09579276084859437,0.5191327971230375,0.027482065420599906,0.27963585633634747,0.06578728357220796,0.012169234856725194
Hatching_subtitle,0.11178429705523006,0.5286270957570847,0.03335925861677796,0.23951886389506094,0.07645383401197811,0.010256646233926766
Hawa_subtitle,0.09607702398325868,0.40357513603394635,0.015028537314121276,0.38006724074892256,0.09561939424643781,0.009632668556021165
Headshot_subtitle,0.10100206531355792,0.4716076809185433,0.018227001296989412,0.31774658834278735,0.08214704653809339,0.009269613148260875
Hellhound_subtitle,0.1157286006742918,0.46983116473363734,0.02064178039141641,0.2995280715360423,0.08349677877026473,0.010773606081145373
Hell_River_subtitle,0.09654253365150497,0.4865683978256415,0.017978416101618745,0.29784657040006324,0.0890973420051177,0.011966737705200918
Hotel_Mumbai_subtitle,0.10613610465190852,0.473855090972042,0.02162551699731014,0.280511941473207,0.09968618729794441,0.018185160882613363
Hotel_Rwanda_subtitle,0.10398518487074708,0.5165520936138156,0.017643951426495753,0.2761742193640148,0.07730269344720522,0.008341860534168242
How_to_Make_Millions_Before_Grandma_Dies_subtitle,0.1057717380231536,0.5376587406987666,0.026888022852143305,0.25072612191245497,0.06841976455757742,0.010535613391309963
If_Only_I_Could_Hibernate_subtitle,0.08305718398561751,0.49417529645842967,0.013227249560862516,0.333915067011295,0.06252960697219932,0.013095601403707581
Inside_subtitle,0.08308532604545671,0.536702886099724,0.02730398360562469,0.27215659468568487,0.06505772273078766,0.015693483278832066
Inside_the_Yellow_Cocoon_Shell_subtitle,0.12610920388740454,0.48795082412999974,0.027962042793864703,0.25035958240307465,0.09530942728816215,0.012308916883643783
Insurgent_subtitle,0.10173973844535537,0.5174486388629477,0.018840737562732683,0.2763309906946077,0.07580790859458572,0.009831983387433607
In_Between_subtitle,0.09343878940232771,0.5182299583946743,0.02617196185915248,0.28512105660299514,0.06806555559147737,0.008972675727623051
In_the_Lost_Lands_subtitle,0.12696892000890542,0.3766570248440623,0.02652975985455012,0.37341726985721485,0.08616963502668024,0.010257389570242534
Iron_Mask_subtitle,0.06952347288714643,0.4625233797359988,0.017157164182070077,0.36159071100660994,0.07867956377959066,0.010525710529249213
I_m_Not_a_Robot_subtitle,0.038713223854633605,0.4274504067741234,0.017705450809837597,0.38551290381724973,0.11820814758696518,0.012409859451754773
I_m_Still_Here_subtitle,0.10099899894479747,0.48292616778750813,0.01902958821919627,0.2841439202892612,0.09920301899636223,0.013698307655317448
I_Spit_on_Your_Grave_2_subtitle,0.09017832216426919,0.5063134064246877,0.03296539528752718,0.2818950737556158,0.0786416055783357,0.010006197270958363
I__the_Executioner_subtitle,0.08966833879524087,0.4220140735644385,0.013293197579583669,0.35227169855675633,0.11143783162186625,0.011314857860589543
Jackpot_Island___Kumanthong_Returns_subtitle,0.09738787021836864,0.45003715575121755,0.017621842546066076,0.32727800381772265,0.0931806627456805,0.01449446480940076
Jeepers_Creepers__Reborn_subtitle,0.0797824608260545,0.47949307877072317,0.02067462151981938,0.30336534055345366,0.10475402028547566,0.011930480655232185
Killer_Mermaid_subtitle,0.10821166623497148,0.45714860444074623,0.019011518864841558,0.2852985668731841,0.11275180943162054,0.017577833413831907
Kill_subtitle,0.08716775406783171,0.4313785028645672,0.017989104837340446,0.371311481185733,0.08282137885203593,0.009331782229655047
Kirikou_and_the_Sorceress_subtitle,0.10650379158340502,0.41557130394056374,0.022641351587093517,0.35391099981126795,0.08963140053244348,0.011741155098011866
KL_Special_Force_subtitle,0.08461399111210623,0.4206300566954805,0.014701223535239501,0.37736421031107376,0.09227705010924418,0.01041346695314642
Kronk_s_New_Groove_subtitle,0.0944721151083785,0.5124881083922689,0.02721059629333186,0.29378932783692535,0.057955382806295384,0.014084469883078658
Kung_Fu_Hustle_subtitle,0.0805560767156549,0.4493965442063175,0.019491689825485235,0.3756957268257194,0.06443101010653665,0.010428950681114681
Kursk_subtitle,0.10044794191167525,0.5254899413630665,0.01707443392239087,0.262884456766637,0.08426588593376061,0.00983733932527347
Last_Sentinel_subtitle,0.12139636280344061,0.447507704394127,0.016372024490158062,0.32219525810338717,0.08237010658060885,0.010158545161197447
Law_of_Tehran_subtitle,0.09895250581965341,0.3500611047986999,0.01150730064348122,0.42670027693268564,0.10354353292339419,0.00923528045118155
Leprechaun_Returns_subtitle,0.09989178518320732,0.49677729159504536,0.017259631027111786,0.2756273331769039,0.09246941976377471,0.017974540136574027
Let_Go_subtitle,0.09669110186167985,0.5714803381050406,0.03331277992333649,0.2364800985548108,0.051346559232663666,0.010689120772713365
Let_It_Snow_subtitle,0.10487129396211671,0.538176034216757,0.027170651200584244,0.21288342844595068,0.09482004986244387,0.02207854375433685
Life_Is_Beautiful_subtitle,0.09287953530085395,0.49033909956686694,0.01877055806003766,0.30092464513507555,0.08555994661017796,0.011526215640824783
Lilo___Stitch_2__Stitch_Has_a_Glitch_subtitle,0.10378833204017866,0.5371518808889875,0.021794021915070638,0.2580288419148144,0.0663834985655113,0.01285342453273893
Long_Live_Love__subtitle,0.10211100163596452,0.4864022904025337,0.024108683027695893,0.30560157908935276,0.07050794946762275,0.01126849581670238
Mad_Max__Fury_Road_subtitle,0.16222208101079677,0.5399843620803237,0.013044163937118592,0.23143306023532362,0.04761794826038607,0.005698398597735871
Malena_subtitle,0.10744730769286537,0.4317764542167328,0.026981254284569243,0.35380375690893917,0.07157721216975409,0.008414014847563666
Man_in_Love_subtitle,0.11015112089485636,0.4729707848103457,0.020972358584185457,0.31379182796712357,0.07259977567954014,0.009514130709768255
Maria_Full_of_Grace_subtitle,0.09998111200285544,0.4569685457890415,0.01666684929788066,0.3118196329779149,0.1049845821383626,0.00957927746612145
Masameer__The_Movie_subtitle,0.08729904656608971,0.5291263102583499,0.016506644110961536,0.2884586156884099,0.06795106430278214,0.010658322935540835
Mavka__The_Forest_Song_subtitle,0.1057314527075043,0.4811073369066916,0.02030062950441057,0.2972518690332657,0.08398447260171268,0.011624238963230272
May_December_January_subtitle,0.11966915123003175,0.518569835513725,0.05207283802585857,0.24010371222573842,0.06037923904642793,0.009205229903323457
Memoir_of_a_Snail_subtitle,0.15553968359637493,0.4767429694356659,0.038670273896070764,0.2467689265611014,0.06952231469122297,0.01275582941661449
Mickey_17_subtitle,0.0944976090415786,0.4921979486918485,0.018526495804862677,0.3048664093111331,0.07852626968471577,0.011385267093885192
Midway_subtitle,0.10212619828446935,0.5063647440135537,0.015416289284288983,0.2745529831356336,0.09315599613072534,0.008383789169477365
Mirror_subtitle,0.07577740909457337,0.5406185912234597,0.022419750127426842,0.2591845054502087,0.08901142585827872,0.012988316841972531
Moana_2_subtitle,0.09311897965245615,0.5752548950982664,0.018304966866312417,0.23740778724640493,0.06009836779609159,0.015815001932226055
Monos_subtitle,0.06545124322422412,0.5749854729666865,0.02642481171392397,0.24340222619645557,0.07399160746317773,0.015744640636521864
Mortal_Engines_subtitle,0.12937261132836766,0.4285684277494579,0.01532365017357854,0.32084378765358174,0.09319764042514884,0.012693882634177514
Mr__Jones_subtitle,0.09391254974827314,0.4604195745160556,0.017324952237849713,0.3223238031406013,0.09235284354686808,0.013666276272584694
Mr__Nobody_subtitle,0.12676119716358308,0.48232431826494127,0.02979495682492291,0.24719139416831443,0.09915470713427796,0.014773424178301164
Mufasa__The_Lion_King_subtitle,0.10326764315300777,0.5062879494501589,0.017798028337206537,0.2720474960034868,0.08895365517821241,0.011645229977943624
Murder_Company_subtitle,0.08619031061662348,0.5087747390961543,0.015597885798027135,0.30781238654920234,0.0725444217173826,0.00908025627623293
Mustang_subtitle,0.0923942862819738,0.45202713387992616,0.02718707463251626,0.3272429432886328,0.09154860592708604,0.009599955615570921
My_Fault_subtitle,0.11267127495232172,0.4471533665730869,0.02767132802839206,0.3084652196001124,0.09150642018093466,0.012532388979948128
My_Favourite_Cake_subtitle,0.11633138428224582,0.4934837811322823,0.018640529037828472,0.261947858611292,0.10003404286105562,0.009562405986024255
Neruda_subtitle,0.10616946720463473,0.44506075471539674,0.022765193626649093,0.32151383710400083,0.09289224334798725,0.011598501901196514
Nineteen_Eighty_Four_subtitle,0.10839040228812438,0.45334082257127123,0.02678946818707994,0.3217906463128608,0.07934085267760424,0.010347810205734642
Nobody_Sleeps_in_the_Woods_Tonight_subtitle,0.09005506974848482,0.4890273455213723,0.018583915586594713,0.2929129159298621,0.09557408613834198,0.01384666688920168
Nomos_4000_subtitle,0.11119372633597026,0.48598924985255837,0.013322902621009743,0.2814267532316524,0.0964225448320705,0.011644827472089558
Non_Negotiable_subtitle,0.3993000132031739,0.4151335689239204,0.006149586918763816,0.11768475789576768,0.0580078833270818,0.0037241860758513213
November_subtitle,0.10976360140043183,0.41380949561197355,0.03721148513839134,0.345269741824118,0.08376639560714697,0.01017927669554724
No_Other_Land_subtitle,0.10289254495247534,0.38627399817563635,0.013590572394092525,0.38173806329425575,0.10560153721677039,0.009903284195791414
Number_24_subtitle,0.08760605167511538,0.5104604647216321,0.023892919011012478,0.2823662927434953,0.08521440466951755,0.01045986311520346
Oddity_subtitle,0.1269661716165378,0.45333408490120947,0.024030583860576712,0.26300424049211024,0.1176862087844752,0.014978715722559412
Once_Upon_a_Time_in_Anatolia_subtitle,0.08947682867510956,0.48649831561887735,0.014429687826247858,0.3057628311716085,0.09294120081018689,0.010891137344763262
Once_Upon_a_Time_in_the_West_subtitle,0.10846404557227458,0.48560156312733266,0.022732191561338853,0.25952224080179453,0.10991716864091516,0.013762787220350518
On_the_Path_subtitle,0.10468456446431461,0.4763942124583763,0.03367793016158793,0.29307358834437186,0.0796379254879439,0.012531779619888524
Outside_subtitle,0.11853303760290146,0.616389200091362,0.021445182152092457,0.16123300790786743,0.06947530526667833,0.01292437082156539
OVERLORD__The_Sacred_Kingdom_subtitle,0.09373120089229194,0.5405649693948481,0.017503231943038045,0.2647332111240523,0.07394277904721656,0.009524609627576834
Paddington_in_Peru_subtitle,0.1027375715576114,0.5379072414135706,0.01713273028851103,0.24040953224306688,0.08876935449675016,0.013043571092816645
Panama_subtitle,0.08996451985560038,0.47302097457109327,0.019260891453559165,0.3142015522010208,0.09027159192317943,0.013280470242487586
Pan_s_Labyrinth_subtitle,0.08761076226744788,0.5106669168178795,0.029269221100872125,0.2860114797259383,0.07054892986545586,0.015892689347917138
Parasite_subtitle,0.0790890098151366,0.4939374213451355,0.019436778631058478,0.30057694378359856,0.08908457500367989,0.01787526913422336
PAW_Patrol__The_Mighty_Movie_subtitle,0.08737003988840321,0.5431092289327855,0.018604915719573466,0.2533117770704719,0.07999367105751734,0.017610367588877737
Percy_Jackson___the_Olympians__The_Lightning_Thief_subtitle,0.08411117306736773,0.5244260476162097,0.02077588989796207,0.2818751664564788,0.07721427627223464,0.01159744693323116
Perfume__The_Story_of_a_Murderer_subtitle,0.08048960017913487,0.5176111262202646,0.026965428601868232,0.285589879827389,0.07349432040320929,0.015849642653483896
Pieces_of_a_Woman_subtitle,0.08774197633718392,0.584436816047927,0.022417319623289845,0.22242282665526608,0.0694001405677644,0.0135809194922136
Pleasure_subtitle,0.059441300870978146,0.6156335415578701,0.02672303030285778,0.23169777336397027,0.05086119616808682,0.015643156054532863
Queen_of_Hearts_subtitle,0.10261147786973963,0.4893765660454687,0.01656859372626459,0.28261855149358994,0.09913071448259321,0.009694095763237426
Quo_Vadis__Aida__subtitle,0.08176334052878349,0.4601504414136485,0.01467484995554494,0.33385887835844136,0.10056304884179566,0.008989439095712379
Ready_or_Not_subtitle,0.1016449349537185,0.5058398813744329,0.025133336076920608,0.28691435502293444,0.0687397384644536,0.011727755816325089
Revelations_subtitle,0.12892565535357678,0.4651322143981043,0.017288578766925564,0.2605127017141548,0.1124978505856386,0.015642995296868172
Riders_of_Justice_subtitle,0.12176093800056258,0.4656746101462141,0.014492544861526112,0.28667868336649666,0.10152848035161437,0.009864743322185093
Rio_2_subtitle,0.07618683164015666,0.5767276263978186,0.018280772066234487,0.24939142228864034,0.06508181886002763,0.014331529099216086
Robin_Hood_subtitle,0.10199729461485992,0.44371917934721694,0.021163904636127176,0.3554665036114201,0.06751550179375486,0.01013761303179154
Room_in_Rome_subtitle,0.10784121876564122,0.45875079334522556,0.018013810229706252,0.31819736814900434,0.08469721666106285,0.012499597461704214
Room_subtitle,0.08177918098337626,0.5417883520250765,0.02708018255167098,0.24317113328993106,0.09612129306049662,0.010059857019642033
RRR_subtitle,0.093508731462083,0.4681781412964961,0.018708699896364506,0.3171327291907137,0.09304413993208104,0.009427562365081691
Rubikon_subtitle,0.12416907397149836,0.5371917524427563,0.012309733068929013,0.26185860324020505,0.052919621940571364,0.0115512102387487
R_M_N__subtitle,0.08487133175987957,0.471778224409821,0.01880848412796359,0.3285474264109321,0.08687731252489475,0.009117218576896586
SAS__Red_Notice_subtitle,0.08818921424069531,0.4968908676916169,0.021976113465087547,0.30232153138157536,0.08112771848817929,0.009494551409809078
SeeFood_subtitle,0.07112425764430555,0.5206585523703324,0.017996221793146104,0.3061465945405871,0.06992868664069647,0.01414568516925101
Severance_subtitle,0.08923836073280884,0.48864404501950964,0.02152719968466105,0.2926195888321562,0.09602470480789116,0.011946101705193628
Shirkers_subtitle,0.13766123439309308,0.41162385647778715,0.021072320298717112,0.28068669244808464,0.1289780849171613,0.019977810182695198
Sicario__Day_of_the_Soldado_subtitle,0.07199601252555216,0.5073020335682263,0.012042006841997178,0.3163942526575198,0.08364411736371459,0.008621576924787185
Sisu_subtitle,0.1586036531821541,0.3820913261248042,0.010608027131377679,0.3551640113076681,0.07388952765132949,0.019643464258811236
Snails_in_the_Rain_subtitle,0.09830439655111435,0.456232783426166,0.019697637393902054,0.30576486068570613,0.10708745750327373,0.012912864392352516
Sniper__The_White_Raven_subtitle,0.07132318414104971,0.5344053296598567,0.013565750722486433,0.29079780253445614,0.0811311370991154,0.008776803406178427
Snowpiercer_subtitle,0.09731443659862458,0.4719333197111771,0.019952159225583948,0.32008061968189133,0.08129994377537045,0.009419518811867625
Solaris_subtitle,0.1314912815105872,0.44249601762808544,0.02385438277386879,0.28297086993455267,0.10967237486387978,0.009515077480212103
Solo_Leveling__ReAwakening__subtitle,0.10977817973487926,0.5137629098907109,0.031412598286526316,0.2652224879583134,0.06826790018748505,0.011555922416496946
Sonic_the_Hedgehog_3_subtitle,0.09353045213436083,0.5150663623805964,0.017406297097922147,0.2761707877566669,0.08436918706682925,0.013456912101439757
Spirited_Away_subtitle,0.11232809251665138,0.4952647277730135,0.01765664792227524,0.2775712278912625,0.08341198951544504,0.01376731440184038
Stalker_subtitle,0.11923321075123093,0.3989285901386938,0.01859571941019745,0.35008061772611165,0.10210203301540587,0.011059827850856106
Sujo_subtitle,0.09672074466317103,0.4498889059615411,0.017074002203827893,0.3309280552462403,0.09388063302512602,0.011507661001139619
Surongo_subtitle,0.08684141790470744,0.417784733191023,0.0212693172979828,0.38186860291995756,0.08182209716694602,0.010413830199789064
Survive_subtitle,0.10403606168134658,0.4395535493582889,0.012795337230022512,0.34060817410118643,0.09246838802439732,0.010538488547715833
Taming_the_Garden_subtitle,0.11277516750629196,0.4009185453793805,0.011367601714731687,0.38259649121031,0.07972111597140873,0.012621079598856999
Taste_of_Cherry_subtitle,0.11675765963543101,0.4810743017498925,0.018732815857891248,0.2856280151044151,0.08780484461235569,0.010002363873192595
Taste_subtitle,0.09483905180441975,0.526517031869889,0.014830770046827743,0.2649907102433383,0.08699859288030366,0.011823848822147352
The_33_subtitle,0.09645908839526048,0.5306201426355471,0.017734253628551157,0.273996752208895,0.07160103628135642,0.009588724694681151
The_Attack_subtitle,0.11692615647892142,0.4025102092403605,0.01796576815714151,0.3308871300735658,0.11839356075609724,0.013317176919826267
The_Band_s_Visit_subtitle,0.10179021881274751,0.5068695692990991,0.036436896195624784,0.2665982272593303,0.07736680147145278,0.010938290268610106
The_Best_Exotic_Marigold_Hotel_subtitle,0.10841519822547831,0.5439634535600101,0.025994077350437864,0.23176211778367414,0.07711838820728921,0.012746762995675068
The_Blazing_Sun_subtitle,0.09757524766005485,0.40922486019883025,0.017354552681209313,0.3644374221736116,0.1003610102343192,0.011046906041467344
The_Book_of_Sun_subtitle,0.0902951025796691,0.5451994346095628,0.0294923309454797,0.2270641160126523,0.09092199677242345,0.017027014998573085
The_Bourne_Identity_subtitle,0.10545896928438986,0.48012992640093344,0.013499445803232217,0.28223193451406337,0.10843196749390464,0.010247755535525906
The_Bridge_Curse_subtitle,0.11364607736419809,0.40361918736194236,0.013653941843100863,0.3261985702266328,0.12747543173391024,0.01540679396809234
The_Brothers_Grimm_subtitle,0.09058981437372655,0.48333974634594423,0.021301234611678065,0.3073658427521502,0.08520736058145666,0.012196003734226137
The_Chronicles_of_Narnia__The_Lion__the_Witch_and_the_Wardrobe_subtitle,0.10314300216603275,0.48462528838487023,0.02176114452848482,0.29901818112051826,0.07968797804408624,0.01176440543298863
The_Colony_subtitle,0.09921383008084433,0.46532638504830526,0.020548833587446996,0.30810513897718417,0.09268766056081057,0.014118157479317401
The_Convert_subtitle,0.09355019512794456,0.5341233178280874,0.019615861749359784,0.27431426625305616,0.06911742805579633,0.009278930566390816
The_Count_of_Monte_Cristo_subtitle,0.11733702249275414,0.4673076939072702,0.03105079078876468,0.284572717860096,0.08974299101394614,0.009988783513645755
The_Devil_Conspiracy_subtitle,0.07619391718022102,0.48027816832711157,0.026125968024875462,0.3360214132942598,0.06734369409267939,0.014036836721855003
The_Emigrant_subtitle,0.11555518192957374,0.43246790552520803,0.025822315208657024,0.3326969255494137,0.08242806928788768,0.011029600936282987
The_Funeral_subtitle,0.09452592415086127,0.4945499193518941,0.0161933597051276,0.2852478763645914,0.0987193384859259,0.010763588188325405
The_Girl_with_the_Dragon_Tattoo_subtitle,0.12513351791814262,0.45261217221810135,0.01678270489583888,0.2826361722784804,0.10832963259327352,0.014505798496516413
The_Girl_with_the_Needle_subtitle,0.11790183777140234,0.49149621082147965,0.024485151818713777,0.262830075517242,0.09478146066385842,0.008505260473397998
The_Gods_Must_Be_Crazy_subtitle,0.11482805019078011,0.4354965533284358,0.017789956764724595,0.31680094827096233,0.09839913260169486,0.01668536107664895
The_Good__the_Bad_and_the_Ugly_subtitle,0.11052454483625247,0.49718785480882627,0.015689840029959278,0.28582161090058344,0.08209116067683767,0.008684988362892457
The_Hitman_s_Bodyguard_subtitle,0.09106816651303114,0.4878006390212609,0.021329022204844186,0.3173719321453613,0.07167377140171743,0.010756470004407975
The_Hobbit__The_Battle_of_the_Five_Armies_subtitle,0.11288576798444196,0.4490950727963697,0.018703287821357235,0.3405723114956345,0.07038453883978946,0.00835902211626543
The_House_That_Jack_Built_subtitle,0.10589486647903697,0.46860037014842665,0.01916427584016509,0.30073169734307914,0.09261625694264543,0.012992533748967094
The_Hundred_Foot_Journey_subtitle,0.07807146119323927,0.5629354145340713,0.021244183469147356,0.25745939884085667,0.06728522472757792,0.013004317823554774
The_Hunt_subtitle,0.08717287723308151,0.4490881356303915,0.018492254213665914,0.3502082596853393,0.08244752968644466,0.012590941911955759
The_Inseparables_subtitle,0.08360151620548883,0.5425999964960051,0.01543565008030342,0.25694621293471986,0.08429271051815126,0.017123913742635884
The_Lair_subtitle,0.09204269588600472,0.4403094817251198,0.017090510807088132,0.3509072670111748,0.0900955200669753,0.0095545245042686
The_Last_Breath_subtitle,0.09805822194533254,0.5339727796557219,0.016613222720191927,0.2697199036608583,0.07150235536297626,0.010133518272170816
The_Last_Samurai_subtitle,0.09304937650807135,0.49997595772122233,0.016685470124440535,0.3165117273055616,0.06200559881353651,0.011771869273756497
The_Lego_Batman_Movie_subtitle,0.07414298127467848,0.5431607016104253,0.01812811250009104,0.2821175517984525,0.0681249793496417,0.014325673723730585
The_Lobster_subtitle,0.1272694599070943,0.5151703018893196,0.02636258635826121,0.21599493872274542,0.1057874686320278,0.009415241902584947
The_Long_Ships_subtitle,0.09895666597108495,0.47578101051972105,0.020629912375721707,0.3137742475382063,0.08232605436782647,0.008532108133787129
The_Next_365_Days_subtitle,0.09742828905484999,0.4704537734977877,0.023884098904278298,0.30882610691023804,0.08518136090630478,0.014226369004481263
The_Night_Comes_for_Us_subtitle,0.10293252836653613,0.4085771384350081,0.013685108313278647,0.4132467403911317,0.05360582991066451,0.007952655315533127
The_Nutcracker_subtitle,0.09258443075170394,0.46909423308072,0.018076537327327873,0.3067435650249729,0.09471421892284951,0.01878701781841671
The_Painted_Bird_subtitle,0.0908715243781039,0.38867783165873265,0.023457928405250593,0.43139503195519796,0.058002454302601605,0.007595230017347427
The_Perfect_Candidate_subtitle,0.08405688238521963,0.6013210156989068,0.015123964550667994,0.2282402601131077,0.06240293679809832,0.008854938758304343
The_Pig__the_Snake_and_the_Pigeon_subtitle,0.11252457268860053,0.49531930197279805,0.016707041909443637,0.27010790607072344,0.09655886325233773,0.00878231389639618
The_Price_of_Money__A_Largo_Winch_Adventure_subtitle,0.10427770223852398,0.4325077142206499,0.014936949404497706,0.3472896051468529,0.09100038860893078,0.00998764120784865
The_Proud_and_Damned_subtitle,0.0958853623104576,0.5403357550850284,0.025314276430922687,0.2618930695112402,0.06627453796911112,0.01029699767218338
The_Raid_2_subtitle,0.09805994621232911,0.5081710630152355,0.015527499876442079,0.31051818695390787,0.06028938716636357,0.007433916196654933
The_Raid_subtitle,0.11230148255605422,0.44342236973975657,0.012452916904294398,0.3409733691631324,0.07954394701649088,0.011305917327650178
The_Rifleman_subtitle,0.09920802865569042,0.4330042784341259,0.016353320129622786,0.3644706804776373,0.07624865009550419,0.01071504474265211
The_Rising_Hawk_subtitle,0.09197916087618084,0.5170028705621955,0.02073916501755201,0.2969678666498999,0.0645016495354904,0.008809290407577778
The_Rule_of_Jenny_Pen_subtitle,0.0838914314454285,0.5594795888276753,0.022115346954408685,0.24419034078346347,0.0785812325520247,0.011742060995550231
The_Secret_in_Their_Eyes_subtitle,0.11551890813308953,0.43731914044456494,0.018645661632695425,0.32382456059116305,0.09345283861910546,0.011238889849219287
The_Settlers_subtitle,0.08290164952020303,0.4573458605859307,0.019099478580014616,0.3549967370600147,0.07294056238833656,0.012715710958183794
The_Shadow_Strays_subtitle,0.036657540360465646,0.42461825410525006,0.26808217633515596,0.2320826530146102,0.034013428802912436,0.004546019985961418
The_Sonata_subtitle,0.09878510450149545,0.5023008248665444,0.021850311470948475,0.24311633957076592,0.1150324433104258,0.01891497302143022
The_Soul_Eater_subtitle,0.10161112910001606,0.4131566464474114,0.01550969151146755,0.3286933062477757,0.12622182876049373,0.01480739617887277
The_Substance_subtitle,0.07926051460938359,0.5809484420456437,0.023127157915000807,0.24255883110582346,0.06115068037374728,0.012954374608501533
The_Teacher_subtitle,0.10834392638791254,0.44817199528854534,0.012477585392587476,0.344408185036951,0.07407769684220272,0.012520612957274638
The_Third_Wife_subtitle,0.100758463177318,0.45968545945135936,0.04507690016328925,0.30670820162597145,0.07902511297030404,0.008745866361614292
The_Tin_Drum_subtitle,0.10733641803165068,0.4907818089079691,0.0260194921885599,0.28624389821346957,0.07873748236828625,0.010880901939187292
The_Trap_subtitle,0.12063862208533832,0.43821943420876336,0.01796424862586229,0.3308678698208394,0.0821933620046843,0.010116459589713616
The_Tribe_subtitle,0.07394786179065704,0.07630610466003418,0.012136389501392841,0.601717472076416,0.22612564265727997,0.009766516275703907
The_Tsugua_Diaries_subtitle,0.08969181373981783,0.5080457441149526,0.017770352189978477,0.2775153375526089,0.09412420674633361,0.012852543284367563
The_White_Tiger_subtitle,0.09465611103264733,0.5016270247420305,0.02030887731242015,0.3021100735000726,0.07032768041537987,0.010970233430214997
The_World_Is_Big_and_Salvation_Lurks_Around_the_Corner_subtitle,0.10041822424717006,0.48074744681717946,0.019571646830667814,0.3038124516093621,0.08677496494769983,0.008675268096059147
Three_Colors__Blue_subtitle,0.1393888182511105,0.48483992598807774,0.027863194065991057,0.2330128425042861,0.1056904761510658,0.009204743953422126
Through_My_Window_subtitle,0.08936005815242727,0.5134772960562259,0.037546572756643096,0.2652520736019748,0.08482625373095895,0.009537759945184613
Tiger_Stripes_subtitle,0.09708547891637283,0.46245311651744986,0.017076062886938588,0.32207082771405954,0.09172514438139025,0.00958936905894982
Touch_subtitle,0.10030532178895672,0.5054098511363143,0.024929901288875768,0.26837345038253246,0.08705206224636362,0.013929410413036827
To_a_Land_Unknown_subtitle,0.09734919380753126,0.5756648925909338,0.019469342209609188,0.21232806760725417,0.07866440692067464,0.01652409757676091
Trauma_subtitle,0.07980617648079742,0.4612526361128347,0.02127902718266998,0.3513099511678884,0.07411048349790521,0.012241726312024673
Triangle_of_Sadness_subtitle,0.07089163216690107,0.5543366366128033,0.023495238667502392,0.26928259605911303,0.0687555366185834,0.013238358783411829
Troll_subtitle,0.10529149859530351,0.47771176859918163,0.01643402124686939,0.28499407512601466,0.10211621233423968,0.01345242423053672
Twilight_of_the_Warriors__Walled_In_subtitle,0.11389142113673448,0.42816808032729287,0.014066753110359176,0.3541107346945558,0.08002212202519647,0.009740886091110337
Underdogs_subtitle,0.10493736553107845,0.4817759323398482,0.018369581419886868,0.3053329462886272,0.0780602187424502,0.011523956464127393
Underground_subtitle,0.08461652408523768,0.4119964737276798,0.023353222548008028,0.3911216988391485,0.07835894028958496,0.0105531372371791
Urban_Legend_subtitle,0.1077324604491024,0.45707828957324614,0.01821687839016098,0.2949940801967251,0.1070740139520911,0.014904275750031127
Wajib_subtitle,0.08996870490420823,0.5201778155057615,0.02086275433625293,0.2853070446522906,0.07263960509331989,0.011044075916040322
Well_Tempered_Corpses_subtitle,0.09397278845348868,0.5780486005825171,0.019233081581556233,0.2235191969975997,0.06799318836592022,0.017233146577389228
When_Evil_Lurks_subtitle,0.13935475947449855,0.35269402407257905,0.014614148790373713,0.35161634736491393,0.1330062566225009,0.008714463410697962
Who_s_Singin__Over_There__subtitle,0.089096967374188,0.3660788973670973,0.013695776949780617,0.44355162780768886,0.076445397429749,0.011131332610496437
Wild_Awakening_subtitle,0.08922700110371806,0.4238879574215389,0.03485723596324533,0.3479645410597732,0.08914519047251815,0.014918075820896775
Wild_Tales_subtitle,0.09756667837147037,0.4536477070918783,0.01682475071640138,0.3351573655893273,0.08709824874791398,0.009705250928342018
Wolfwalkers_subtitle,0.0860885928021883,0.47037652651449485,0.015934915495950615,0.33192013122817815,0.08457519144733677,0.011104640504556089
Woman_at_War_subtitle,0.10304177901019362,0.46961719536162794,0.014317132569340902,0.2918268550792289,0.11133090087948909,0.009866136469517112
Y_Tu_Mama虂_Tambie虂n_subtitle,0.09833498091364232,0.4350307464368874,0.02605681943509772,0.35778337098356205,0.0729496299030876,0.009844453600616958
Zero_Point_subtitle,0.07892133613038793,0.4907189013233759,0.014895486743647423,0.3259540759106777,0.07903703938545582,0.010473160910130036
